{
  "lang":"en",
  "name":"pipeline",
  "version":"0.0.0",
  "spacy_version":">=3.8.5,<3.9.0",
  "description":"",
  "author":"",
  "email":"",
  "url":"",
  "license":"",
  "spacy_git_version":"d0c705c",
  "vectors":{
    "width":0,
    "vectors":0,
    "keys":0,
    "name":null,
    "mode":"default"
  },
  "labels":{
    "transformer":[

    ],
    "ner":[
      "CERTIFICATION",
      "DATE",
      "DEGREE",
      "EMAIL",
      "LOC",
      "ORG",
      "PERSON",
      "PHONE",
      "PROJECT_DURATION",
      "PROJECT_ORG",
      "PROJECT_TITLE",
      "SKILL"
    ]
  },
  "pipeline":[
    "transformer",
    "ner"
  ],
  "components":[
    "transformer",
    "ner"
  ],
  "disabled":[

  ],
  "performance":{
    "ents_f":0.5577202814,
    "ents_p":0.5131423055,
    "ents_r":0.6107803196,
    "ents_per_type":{
      "PERSON":{
        "p":0.6684981685,
        "r":0.8390804598,
        "f":0.744138634
      },
      "PHONE":{
        "p":0.8091603053,
        "r":0.9769585253,
        "f":0.885177453
      },
      "SKILL":{
        "p":0.5033648246,
        "r":0.6183133296,
        "f":0.5549491707
      },
      "EMAIL":{
        "p":0.8666666667,
        "r":0.9862068966,
        "f":0.9225806452
      },
      "ORG":{
        "p":0.5184678523,
        "r":0.5751138088,
        "f":0.545323741
      },
      "DATE":{
        "p":0.6759098787,
        "r":0.7428571429,
        "f":0.7078039927
      },
      "DEGREE":{
        "p":0.6658322904,
        "r":0.7567567568,
        "f":0.7083888149
      },
      "PROJECT_ORG":{
        "p":0.3064159292,
        "r":0.3180252583,
        "f":0.3121126761
      },
      "PROJECT_TITLE":{
        "p":0.398512221,
        "r":0.50985724,
        "f":0.4473605726
      },
      "LOC":{
        "p":0.4067085954,
        "r":0.6466666667,
        "f":0.4993564994
      },
      "PROJECT_DURATION":{
        "p":0.4581151832,
        "r":0.3593429158,
        "f":0.4027617952
      },
      "CERTIFICATION":{
        "p":0.0,
        "r":0.0,
        "f":0.0
      }
    },
    "transformer_loss":764.6999674479,
    "ner_loss":2460.0190429688
  }
}